"strain","wbid"
"CHS 1001","WBGene00005318"
"CHS 1001","WBGene00005319"
"CHS 1002","WBGene00005328"
"CHS 1002","WBGene00005330"
"CHS 1002","WBGene00005512"
"CHS 1003","WBGene00005321"
"CHS 1003","WBGene00005323"
"CHS 1003","WBGene00005328"
"CHS 1003","WBGene00005330"
"CHS 1003","WBGene00005512"
"CHS 1004","WBGene00005358"
"CHS 1004","WBGene00005359"
"CHS 1004","WBGene00005361"
"CHS 1005","WBGene00005362"
"CHS 1005","WBGene00005363"
"CHS 1005","WBGene00005364"
"CHS 1006","WBGene00005404"
"CHS 1006","WBGene00005405"
"CHS 1006","WBGene00005406"
"CHS 1007","WBGene00005414"
"CHS 1007","WBGene00005415"
"CHS 1007","WBGene00005416"
"CHS 1008","WBGene00005422"
"CHS 1008","WBGene00005423"
"CHS 1008","WBGene00005428"
"CHS 1009","WBGene00005499"
"CHS 1009","WBGene00005500"
"CHS 1009","WBGene00005501"
"CHS 1010","WBGene00006163"
"CHS 1010","WBGene00006164"
"CHS 1010","WBGene00006165"
"CHS 1010","WBGene00006166"
"CHS 1010","WBGene00006167"
"CHS 1010","WBGene00006169"
"CHS 1011","WBGene00005513"
"CHS 1011","WBGene00005514"
"CHS 1011","WBGene00005516"
"CHS 1012","WBGene00008574"
"CHS 1012","WBGene00011541"
"CHS 1012","WBGene00011840"
"CHS 1012","WBGene00012523"
"CHS 1013","WBGene00005641"
"CHS 1014","WBGene00005670"
"CHS 1014","WBGene00005707"
"CHS 1014","WBGene00005708"
"CHS 1014","WBGene00005710"
"CHS 1014","WBGene00005711"
"CHS 1014","WBGene00044087"
"CHS 1015","WBGene00001517"
"CHS 1015","WBGene00001518"
"CHS 1015","WBGene00001519"
"CHS 1016","WBGene00021528"
"CHS 1016","WBGene00022675"
"CHS 1017","WBGene00008142"
"CHS 1017","WBGene00010179"
"CHS 1017","WBGene00021497"
"CHS 1018","WBGene00015005"
"CHS 1018","WBGene00018924"
"CHS 1018","WBGene00021357"
"CHS 1019","WBGene00008885"
"CHS 1019","WBGene00010375"
"CHS 1019","WBGene00016044"
"CHS 1020","WBGene00019367"
"CHS 1020","WBGene00019370"
"CHS 1020","WBGene00020069"
"CHS 1020","WBGene00020420"
"CHS 1021","WBGene00010315"
"CHS 1021","WBGene00017015"
"CHS 1021","WBGene00018222"
"CHS 1021","WBGene00021124"
"CHS 1022","WBGene00005160"
"CHS 1022","WBGene00005163"
"CHS 1022","WBGene00005164"
"CHS 1022","WBGene00005165"
"CHS 1022","WBGene00005166"
"CHS 1022","WBGene00005167"
"CHS 1023","WBGene00005935"
"CHS 1023","WBGene00005936"
"CHS 1023","WBGene00005937"
"CHS 1023","WBGene00005938"
"CHS 1024","WBGene00007664"
"CHS 1024","WBGene00014035"
"CHS 1024","WBGene00015735"
"CHS 1025","WBGene00009965"
"CHS 1025","WBGene00018191"
"CHS 1025","WBGene00018728"
"CHS 1025","WBGene00019019"
"CHS 1026","WBGene00010735"
"CHS 1026","WBGene00019448"
"CHS 1026","WBGene00021510"
"CHS 1027","WBGene00005606"
"CHS 1027","WBGene00005607"
"CHS 1027","WBGene00005608"
"CHS 1027","WBGene00005610"
"CHS 1027","WBGene00005611"
"CHS 1027","WBGene00005612"
"CHS 1028","WBGene00005595"
"CHS 1028","WBGene00005596"
"CHS 1028","WBGene00005597"
"CHS 1028","WBGene00005598"
"CHS 1028","WBGene00005599"
"CHS 1028","WBGene00005601"
"CHS 1028","WBGene00005602"
"CHS 1028","WBGene00005603"
"CHS 1028","WBGene00005604"
"CHS 1029","WBGene00005692"
"CHS 1029","WBGene00005693"
"CHS 1029","WBGene00005694"
"CHS 1029","WBGene00005696"
"CHS 1029","WBGene00005698"
"CHS 1029","WBGene00005699"
"CHS 1030","WBGene00006189"
"CHS 1030","WBGene00006192"
"CHS 1030","WBGene00006193"
"CHS 1030","WBGene00006195"
"CHS 1030","WBGene00006196"
"CHS 1030","WBGene00006197"
"CHS 1030","WBGene00006198"
"CHS 1031","WBGene00005536"
"CHS 1031","WBGene00005537"
"CHS 1031","WBGene00005538"
"CHS 1031","WBGene00005539"
"CHS 1031","WBGene00005540"
"CHS 1031","WBGene00005541"
"CHS 1031","WBGene00005542"
"CHS 1031","WBGene00005543"
"CHS 1031","WBGene00044889"
"CHS 1032","WBGene00005862"
"CHS 1032","WBGene00005864"
"CHS 1032","WBGene00005865"
"CHS 1032","WBGene00005866"
"CHS 1032","WBGene00005867"
"CHS 1032","WBGene00005868"
"CHS 1032","WBGene00005869"
"CHS 1032","WBGene00005870"
"CHS 1032","WBGene00005871"
"CHS 1032","WBGene00005882"
"CHS 1032","WBGene00005884"
"CHS 1032","WBGene00005885"
"CHS 1033","WBGene00005344"
"CHS 1033","WBGene00005421"
"CHS 1033","WBGene00005422"
"CHS 1033","WBGene00005423"
"CHS 1033","WBGene00005424"
"CHS 1033","WBGene00005425"
"CHS 1033","WBGene00005426"
"CHS 1033","WBGene00005427"
"CHS 1033","WBGene00005428"
"CHS 1033","WBGene00005429"
"CHS 1034","WBGene00005213"
"CHS 1034","WBGene00005214"
"CHS 1034","WBGene00005215"
"CHS 1034","WBGene00005216"
"CHS 1034","WBGene00005217"
"CHS 1034","WBGene00005218"
"CHS 1034","WBGene00005219"
"CHS 1034","WBGene00005221"
"CHS 1034","WBGene00005222"
"CHS 1034","WBGene00005223"
"CHS 1034","WBGene00005224"
"CHS 1034","WBGene00005225"
"CHS 1035","WBGene00006199"
"CHS 1035","WBGene00006200"
"CHS 1035","WBGene00006201"
"CHS 1035","WBGene00006202"
"CHS 1035","WBGene00006203"
"CHS 1035","WBGene00006204"
"CHS 1035","WBGene00006205"
"CHS 1035","WBGene00006206"
"CHS 1035","WBGene00006207"
"CHS 1035","WBGene00006212"
"CHS 1035","WBGene00018915"
"CHS 1036","WBGene00005283"
"CHS 1036","WBGene00005284"
"CHS 1036","WBGene00005285"
"CHS 1036","WBGene00005288"
"CHS 1036","WBGene00005289"
"CHS 1036","WBGene00005290"
"CHS 1036","WBGene00005291"
"CHS 1036","WBGene00005292"
"CHS 1036","WBGene00005293"
"CHS 1036","WBGene00005294"
"CHS 1037","WBGene00005137"
"CHS 1037","WBGene00005138"
"CHS 1037","WBGene00005148"
"CHS 1037","WBGene00021570"
"CHS 1037","WBGene00021572"
"CHS 1037","WBGene00044099"
"CHS 1038","WBGene00012181"
"CHS 1038","WBGene00015730"
"CHS 1038","WBGene00016232"
"CHS 1038","WBGene00016850"
"CHS 1038","WBGene00016852"
"CHS 1038","WBGene00016853"
"CHS 1038","WBGene00016859"
"CHS 1038","WBGene00017107"
"CHS 1038","WBGene00018554"
"CHS 1038","WBGene00020055"
"CHS 1038","WBGene00021568"
"CHS 1038","WBGene00022528"
"CHS 1038","WBGene00022529"
"CHS 1039","WBGene00010071"
"CHS 1039","WBGene00012329"
"CHS 1039","WBGene00012333"
"CHS 1039","WBGene00012724"
"CHS 1039","WBGene00012725"
"CHS 1039","WBGene00044084"
"CHS 1040","WBGene00016265"
"CHS 1040","WBGene00016747"
"CHS 1040","WBGene00017176"
"CHS 1040","WBGene00019616"
"CHS 1041","WBGene00016149"
"CHS 1041","WBGene00016909"
"CHS 1041","WBGene00020023"
"CHS 1041","WBGene00020586"
"CHS 1042","WBGene00005310"
"CHS 1042","WBGene00005313"
"CHS 1042","WBGene00005315"
"CHS 1042","WBGene00005316"
"CHS 1042","WBGene00005317"
"CHS 1043","WBGene00005262"
"CHS 1043","WBGene00005263"
"CHS 1043","WBGene00005264"
"CHS 1043","WBGene00005265"
"CHS 1043","WBGene00005267"
"CHS 1043","WBGene00005268"
"CHS 1044","WBGene00005430"
"CHS 1044","WBGene00005432"
"CHS 1044","WBGene00005433"
"CHS 1044","WBGene00005435"
"CHS 1044","WBGene00005436"
"CHS 1044","WBGene00005437"
"CHS 1045","WBGene00005271"
"CHS 1045","WBGene00005272"
"CHS 1045","WBGene00005273"
"CHS 1045","WBGene00005274"
"CHS 1045","WBGene00005275"
"CHS 1045","WBGene00005278"
"CHS 1046","WBGene00006117"
"CHS 1046","WBGene00006120"
"CHS 1046","WBGene00006121"
"CHS 1046","WBGene00006122"
"CHS 1047","WBGene00005256"
"CHS 1047","WBGene00005257"
"CHS 1047","WBGene00005258"
"CHS 1047","WBGene00005259"
"CHS 1047","WBGene00005260"
"CHS 1047","WBGene00005261"
"CHS 1048","WBGene00006266"
"CHS 1048","WBGene00006268"
"CHS 1048","WBGene00006270"
"CHS 1048","WBGene00006271"
"CHS 1048","WBGene00006272"
"CHS 1049","WBGene00006220"
"CHS 1049","WBGene00006221"
"CHS 1049","WBGene00006222"
"CHS 1049","WBGene00006224"
"CHS 1049","WBGene00006225"
"CHS 1049","WBGene00006226"
"CHS 1050","WBGene00011013"
"CHS 1050","WBGene00011219"
"CHS 1050","WBGene00014070"
"CHS 1050","WBGene00044012"
"CHS 1050","WBGene00044114"
"CHS 1051","WBGene00005798"
"CHS 1051","WBGene00005800"
"CHS 1051","WBGene00005801"
"CHS 1051","WBGene00005802"
"CHS 1051","WBGene00012083"
"CHS 1051","WBGene00194799"
"CHS 1052","WBGene00007997"
"CHS 1052","WBGene00012705"
"CHS 1052","WBGene00012707"
"CHS 1052","WBGene00012708"
"CHS 1052","WBGene00012709"
"CHS 1052","WBGene00016579"
"CHS 1053","WBGene00012072"
"CHS 1053","WBGene00013572"
"CHS 1053","WBGene00016222"
"CHS 1054","WBGene00005095"
"CHS 1054","WBGene00005096"
"CHS 1054","WBGene00005097"
"CHS 1054","WBGene00005098"
"CHS 1054","WBGene00005099"
"CHS 1054","WBGene00005110"
"CHS 1055","WBGene00006277"
"CHS 1055","WBGene00006278"
"CHS 1055","WBGene00006279"
"CHS 1056","WBGene00005149"
"CHS 1056","WBGene00005150"
"CHS 1056","WBGene00009242"
"CHS 1056","WBGene00011745"
"CHS 1056","WBGene00015036"
"CHS 1056","WBGene00015568"
"CHS 1057","WBGene00003807"
"CHS 1058","WBGene00013974"
"CHS 1058","WBGene00016110"
"CHS 1058","WBGene00020689"
"CHS 1059","WBGene00005700"
"CHS 1059","WBGene00005701"
"CHS 1059","WBGene00005702"
"CHS 1059","WBGene00005707"
"CHS 1059","WBGene00005708"
"CHS 1059","WBGene00044087"
"CHS 1060","WBGene00005903"
"CHS 1060","WBGene00005904"
"CHS 1060","WBGene00005905"
"CHS 1060","WBGene00005924"
"CHS 1060","WBGene00005925"
"CHS 1060","WBGene00005927"
"CHS 1061","WBGene00006428"
"CHS 1061","WBGene00006576"
"CHS 1061","WBGene00016761"
"CHS 1062","WBGene00009619"
"CHS 1062","WBGene00016984"
"CHS 1062","WBGene00018067"
"CHS 1063","WBGene00012084"
"CHS 1063","WBGene00012275"
"CHS 1063","WBGene00013883"
"CHS 1064","WBGene00008065"
"CHS 1064","WBGene00011578"
"CHS 1064","WBGene00020727"
"CHS 1065","WBGene00011372"
"CHS 1065","WBGene00011381"
"CHS 1065","WBGene00018344"
"CHS 1066","WBGene00005591"
"CHS 1066","WBGene00005592"
"CHS 1066","WBGene00005593"
"CHS 1066","WBGene00005594"
"CHS 1067","WBGene00006153"
"CHS 1067","WBGene00006154"
"CHS 1067","WBGene00006155"
"CHS 1067","WBGene00006156"
"CHS 1067","WBGene00006157"
"CHS 1067","WBGene00006158"
"CHS 1068","WBGene00005517"
"CHS 1068","WBGene00005530"
"CHS 1068","WBGene00005531"
"CHS 1068","WBGene00005532"
"CHS 1068","WBGene00005533"
"CHS 1069","WBGene00009278"
"CHS 1069","WBGene00013782"
"CHS 1069","WBGene00020319"
"CHS 1070","WBGene00005672"
"CHS 1070","WBGene00005674"
"CHS 1070","WBGene00005675"
"CHS 1070","WBGene00005676"
"CHS 1070","WBGene00005678"
"CHS 1070","WBGene00005703"
"CHS 1071","WBGene00005027"
"CHS 1071","WBGene00005036"
"CHS 1071","WBGene00005037"
"CHS 1071","WBGene00005038"
"CHS 1071","WBGene00005039"
"CHS 1071","WBGene00005040"
"CHS 1072","WBGene00006864"
"CHS 1072","WBGene00008065"
"CHS 1072","WBGene00015559"
"CHS 1073","WBGene00015730"
"CHS 1073","WBGene00018554"
"CHS 1073","WBGene00021568"
"CHS 1074","WBGene00007834"
"CHS 1074","WBGene00010153"
"CHS 1074","WBGene00012318"
"CHS 1074","WBGene00012321"
"CHS 1074","WBGene00015637"
"CHS 1074","WBGene00017564"
"CHS 1075","WBGene00006208"
"CHS 1075","WBGene00006209"
"CHS 1075","WBGene00006210"
"CHS 1075","WBGene00006211"
"CHS 1075","WBGene00006213"
"CHS 1076","WBGene00008808"
"CHS 1076","WBGene00011582"
"CHS 1077","WBGene00010527"
"CHS 1077","WBGene00015652"
"CHS 1077","WBGene00015653"
"CHS 1077","WBGene00023462"
"CHS 1077","WBGene00023463"
"CHS 1077","WBGene00023517"
"CHS 1078","WBGene00006133"
"CHS 1078","WBGene00006134"
"CHS 1078","WBGene00006135"
"CHS 1079","WBGene00013187"
"CHS 1079","WBGene00016842"
"CHS 1079","WBGene00020086"
"CHS 1079","WBGene00022004"
"CHS 1080","WBGene00013848"
"CHS 1080","WBGene00018886"
"CHS 1080","WBGene00019183"
"CHS 1081","WBGene00005053"
"CHS 1081","WBGene00005054"
"CHS 1081","WBGene00005055"
"CHS 1081","WBGene00005056"
"CHS 1081","WBGene00005057"
"CHS 1081","WBGene00005058"
"CHS 1082","WBGene00009629"
"CHS 1082","WBGene00010986"
"CHS 1082","WBGene00022086"
"CHS 1083","WBGene00020712"
"CHS 1083","WBGene00021439"
"CHS 1084","WBGene00008342"
"CHS 1084","WBGene00017661"
"CHS 1084","WBGene00019444"
"CHS 1084","WBGene00019445"
"CHS 1085","WBGene00013642"
"CHS 1085","WBGene00016246"
"CHS 1086","WBGene00004776"
"CHS 1086","WBGene00004779"
"CHS 1086","WBGene00004780"
"CHS 1086","WBGene00008890"
"CHS 1087","WBGene00004778"
"CHS 1087","WBGene00006411"
"CHS 1087","WBGene00021897"
"CHS 1088","WBGene00004777"
"CHS 1088","WBGene00006475"
"CHS 1088","WBGene00017157"
"CHS 1089","WBGene00001175"
"CHS 1090","WBGene00011878"
"CHS 1091","WBGene00000478"
"CHS 1091","WBGene00003238"
"CHS 1092","WBGene00009999"
"CHS 1092","WBGene00010800"
"CHS 1092","WBGene00010802"
"CHS 1092","WBGene00012054"
"CHS 1092","WBGene00012055"
"CHS 1092","WBGene00022655"
"CHS 1093","WBGene00008837"
"CHS 1093","WBGene00008839"
"CHS 1093","WBGene00013276"
"CHS 1093","WBGene00013277"
"CHS 1093","WBGene00017371"
"CHS 1093","WBGene00020225"
"CHS 1094","WBGene00005482"
"CHS 1094","WBGene00005488"
"CHS 1094","WBGene00005489"
"CHS 1094","WBGene00005490"
"CHS 1095","WBGene00011485"
"CHS 1095","WBGene00016685"
"CHS 1095","WBGene00016687"
"CHS 1095","WBGene00016693"
"CHS 1095","WBGene00016696"
"CHS 1095","WBGene00019558"
"CHS 1095","WBGene00019559"
"CHS 1096","WBGene00005161"
"CHS 1096","WBGene00005162"
"CHS 1096","WBGene00005195"
"CHS 1096","WBGene00005211"
"CHS 1096","WBGene00005212"
"CHS 1096","WBGene00005226"
"CHS 1097","WBGene00005188"
"CHS 1097","WBGene00005189"
"CHS 1097","WBGene00005190"
"CHS 1097","WBGene00005191"
"CHS 1097","WBGene00005193"
"CHS 1097","WBGene00005194"
"CHS 1098","WBGene00006078"
"CHS 1098","WBGene00006080"
"CHS 1098","WBGene00006081"
"CHS 1098","WBGene00006159"
"CHS 1098","WBGene00006160"
"CHS 1098","WBGene00006161"
"CHS 1098","WBGene00006162"
"CHS 1098","WBGene00008637"
"CHS 1098","WBGene00010591"
"CHS 1099","WBGene00005279"
"CHS 1099","WBGene00005280"
"CHS 1099","WBGene00005281"
"CHS 1099","WBGene00005282"
"CHS 1099","WBGene00005509"
"CHS 1100","WBGene00008728"
"CHS 1100","WBGene00010217"
"CHS 1100","WBGene00010218"
"CHS 1100","WBGene00010220"
"CHS 1100","WBGene00012286"
"CHS 1100","WBGene00043058"
"CHS 1101","WBGene00005043"
"CHS 1101","WBGene00005044"
"CHS 1101","WBGene00005046"
"CHS 1101","WBGene00005047"
"CHS 1101","WBGene00005048"
"CHS 1101","WBGene00005049"
"CHS 1101","WBGene00005050"
"CHS 1101","WBGene00005051"
"CHS 1101","WBGene00005052"
"CHS 1102","WBGene00015079"
"CHS 1102","WBGene00015080"
"CHS 1102","WBGene00015082"
"CHS 1102","WBGene00015085"
"CHS 1102","WBGene00206513"
"CHS 1102","WBGene00271577"
"CHS 1102","WBGene00271715"
"CHS 1103","WBGene00001475"
"CHS 1103","WBGene00002252"
"CHS 1103","WBGene00017947"
"CHS 1103","WBGene00017948"
"CHS 1104","WBGene00005716"
"CHS 1104","WBGene00005717"
"CHS 1104","WBGene00005718"
"CHS 1104","WBGene00005719"
"CHS 1104","WBGene00005720"
"CHS 1104","WBGene00005721"
"CHS 1104","WBGene00007908"
"CHS 1104","WBGene00015263"
"CHS 1105","WBGene00016471"
"CHS 1105","WBGene00016475"
"CHS 1105","WBGene00016476"
"CHS 1105","WBGene00016477"
"CHS 1105","WBGene00016479"
"CHS 1105","WBGene00016480"
"CHS 1105","WBGene00020607"
"CHS 1105","WBGene00020608"
"CHS 1105","WBGene00020623"
"CHS 1106","WBGene00005618"
"CHS 1106","WBGene00005621"
"CHS 1106","WBGene00005622"
"CHS 1106","WBGene00005623"
"CHS 1106","WBGene00005624"
"CHS 1106","WBGene00005625"
"CHS 1106","WBGene00005626"
"CHS 1106","WBGene00005627"
"CHS 1106","WBGene00005628"
"CHS 1106","WBGene00005629"
"CHS 1106","WBGene00005631"
"CHS 1106","WBGene00005632"
"CHS 1106","WBGene00005633"
"CHS 1106","WBGene00005634"
"CHS 1106","WBGene00005635"
"CHS 1107","WBGene00005910"
"CHS 1107","WBGene00005915"
"CHS 1107","WBGene00005917"
"CHS 1107","WBGene00005919"
"CHS 1107","WBGene00005920"
"CHS 1107","WBGene00005922"
"CHS 1107","WBGene00005923"
"CHS 1108","WBGene00005658"
"CHS 1108","WBGene00005659"
"CHS 1108","WBGene00005660"
"CHS 1108","WBGene00005661"
"CHS 1109","WBGene00007346"
"CHS 1109","WBGene00011765"
"CHS 1109","WBGene00015323"
"CHS 1109","WBGene00019496"
"CHS 1110","WBGene00015068"
"CHS 1110","WBGene00015069"
"CHS 1110","WBGene00015070"
"CHS 1110","WBGene00015072"
"CHS 1110","WBGene00015367"
"CHS 1110","WBGene00015368"
"CHS 1110","WBGene00020877"
"CHS 1111","WBGene00011931"
"CHS 1111","WBGene00015419"
"CHS 1111","WBGene00016543"
"CHS 1111","WBGene00019032"
"CHS 1111","WBGene00044124"
"CHS 1111","WBGene00044125"
"CHS 1112","WBGene00009298"
"CHS 1112","WBGene00010394"
"CHS 1112","WBGene00010530"
"CHS 1112","WBGene00015018"
"CHS 1112","WBGene00015411"
"CHS 1112","WBGene00023478"
"CHS 1113","WBGene00005763"
"CHS 1113","WBGene00005764"
"CHS 1113","WBGene00005766"
"CHS 1113","WBGene00005767"
"CHS 1113","WBGene00005768"
"CHS 1113","WBGene00005769"
"CHS 1114","WBGene00005855"
"CHS 1114","WBGene00005858"
"CHS 1114","WBGene00005859"
"CHS 1114","WBGene00005860"
"CHS 1114","WBGene00010820"
"CHS 1115","WBGene00005159"
"CHS 1115","WBGene00005169"
"CHS 1115","WBGene00005171"
"CHS 1115","WBGene00005172"
"CHS 1115","WBGene00005173"
"CHS 1115","WBGene00005174"
"CHS 1116","WBGene00005652"
"CHS 1116","WBGene00005653"
"CHS 1116","WBGene00005654"
"CHS 1116","WBGene00005655"
"CHS 1116","WBGene00005657"
"CHS 1117","WBGene00010025"
"CHS 1117","WBGene00010026"
"CHS 1117","WBGene00019745"
"CHS 1117","WBGene00020746"
"CHS 1117","WBGene00044105"
"CHS 1118","WBGene00016827"
"CHS 1118","WBGene00016828"
"CHS 1118","WBGene00016829"
"CHS 1118","WBGene00016830"
"CHS 1118","WBGene00016831"
"CHS 1118","WBGene00016834"
"CHS 1119","WBGene00001805"
"CHS 1119","WBGene00001806"
"CHS 1120","WBGene00006459"
"CHS 1120","WBGene00008239"
"CHS 1120","WBGene00010329"
"CHS 1120","WBGene00015299"
"CHS 1120","WBGene00017338"
"CHS 1121","WBGene00011371"
"CHS 1121","WBGene00015364"
"CHS 1121","WBGene00019231"
"CHS 1121","WBGene00021328"
"CHS 1121","WBGene00022824"
"CHS 1122","WBGene00015656"
"CHS 1122","WBGene00023475"
"CHS 1122","WBGene00023513"
"CHS 1122","WBGene00043052"
"CHS 1122","WBGene00044587"
"CHS 1123","WBGene00005111"
"CHS 1123","WBGene00005112"
"CHS 1123","WBGene00005113"
"CHS 1123","WBGene00005114"
"CHS 1123","WBGene00005116"
"CHS 1123","WBGene00005117"
"CHS 1124","WBGene00011534"
"CHS 1124","WBGene00016708"
"CHS 1124","WBGene00021310"
"CHS 1124","WBGene00022641"
"CHS 1124","WBGene00044464"
"CHS 1125","WBGene00009931"
"CHS 1125","WBGene00010058"
"CHS 1125","WBGene00010143"
"CHS 1125","WBGene00015000"
"CHS 1125","WBGene00019774"
"CHS 1126","WBGene00007951"
"CHS 1126","WBGene00010191"
"CHS 1126","WBGene00012993"
"CHS 1126","WBGene00021275"
"CHS 1127","WBGene00007951"
"CHS 1127","WBGene00012962"
"CHS 1127","WBGene00013222"
"CHS 1127","WBGene00016428"
"CHS 1127","WBGene00017038"
"CHS 1128","WBGene00005196"
"CHS 1128","WBGene00005197"
"CHS 1128","WBGene00005198"
"CHS 1128","WBGene00005199"
"CHS 1128","WBGene00005201"
"CHS 1128","WBGene00005202"
"CHS 1129","WBGene00011816"
"CHS 1129","WBGene00011818"
"CHS 1129","WBGene00019614"
"CHS 1129","WBGene00020288"
"CHS 1129","WBGene00020856"
"CHS 1129","WBGene00020857"
"CHS 1129","WBGene00022266"
"CHS 1129","WBGene00194698"
"CHS 1130","WBGene00007456"
"CHS 1130","WBGene00010389"
"CHS 1130","WBGene00014679"
"CHS 1130","WBGene00021033"
"CHS 1130","WBGene00023474"
"CHS 1130","WBGene00023508"
"CHS 1130","WBGene00023514"
"CHS 1131","WBGene00001211"
"CHS 1131","WBGene00001803"
"CHS 1131","WBGene00001804"
"CHS 1132","WBGene00005453"
"CHS 1132","WBGene00005454"
"CHS 1132","WBGene00005456"
"CHS 1132","WBGene00005457"
"CHS 1132","WBGene00005458"
"CHS 1132","WBGene00005461"
"CHS 1133","WBGene00005929"
"CHS 1133","WBGene00005930"
"CHS 1133","WBGene00005931"
"CHS 1133","WBGene00005932"
"CHS 1133","WBGene00005933"
"CHS 1133","WBGene00005934"
"CHS 1133","WBGene00235116"
"CHS 1134","WBGene00005609"
"CHS 1134","WBGene00005613"
"CHS 1134","WBGene00005614"
"CHS 1134","WBGene00005615"
"CHS 1134","WBGene00005616"
"CHS 1134","WBGene00005617"
"CHS 1135","WBGene00005892"
"CHS 1135","WBGene00005893"
"CHS 1135","WBGene00005894"
"CHS 1135","WBGene00005895"
"CHS 1136","WBGene00008327"
"CHS 1136","WBGene00008981"
"CHS 1136","WBGene00010388"
"CHS 1136","WBGene00013466"
"CHS 1136","WBGene00013626"
"CHS 1136","WBGene00016519"
"CHS 1137","WBGene00015736"
"CHS 1137","WBGene00015737"
"CHS 1137","WBGene00015738"
"CHS 1137","WBGene00017845"
"CHS 1137","WBGene00018709"
"CHS 1137","WBGene00044117"
"CHS 1138","WBGene00008552"
"CHS 1138","WBGene00011649"
"CHS 1138","WBGene00011837"
"CHS 1138","WBGene00016093"
"CHS 1138","WBGene00017615"
"CHS 1138","WBGene00018825"
"CHS 1138","WBGene00268206"
"CHS 1139","WBGene00008947"
"CHS 1139","WBGene00009763"
"CHS 1139","WBGene00017113"
"CHS 1139","WBGene00018972"
"CHS 1139","WBGene00018973"
"CHS 1139","WBGene00019051"
"CHS 1140","WBGene00005819"
"CHS 1140","WBGene00005822"
"CHS 1140","WBGene00005823"
"CHS 1140","WBGene00005824"
"CHS 1140","WBGene00005826"
"CHS 1140","WBGene00005829"
"CHS 1140","WBGene00005830"
"CHS 1141","WBGene00005992"
"CHS 1141","WBGene00005993"
"CHS 1141","WBGene00005995"
"CHS 1141","WBGene00005996"
"CHS 1141","WBGene00005999"
"CHS 1141","WBGene00006001"
"CHS 1141","WBGene00006002"
"CHS 1141","WBGene00006003"
"CHS 1141","WBGene00006004"
"CHS 1142","WBGene00008308"
"CHS 1142","WBGene00014122"
"CHS 1142","WBGene00015416"
"CHS 1142","WBGene00015417"
"CHS 1142","WBGene00016858"
"CHS 1142","WBGene00020138"
"CHS 1143","WBGene00008128"
"CHS 1143","WBGene00011701"
"CHS 1143","WBGene00011702"
"CHS 1143","WBGene00013417"
"CHS 1143","WBGene00019999"
"CHS 1143","WBGene00020060"
"CHS 1143","WBGene00022807"
"CHS 1143","WBGene00043059"
"CHS 1144","WBGene00013496"
"CHS 1144","WBGene00014998"
"CHS 1144","WBGene00015000"
"CHS 1144","WBGene00015263"
"CHS 1144","WBGene00015921"
"CHS 1145","WBGene00015446"
"CHS 1145","WBGene00015447"
"CHS 1145","WBGene00015448"
"CHS 1145","WBGene00016363"
"CHS 1145","WBGene00019091"
"CHS 1145","WBGene00019518"
"CHS 1145","WBGene00021488"
"CHS 1145","WBGene00021511"
"CHS 1146","WBGene00005939"
"CHS 1146","WBGene00005941"
"CHS 1146","WBGene00005942"
"CHS 1146","WBGene00005945"
"CHS 1146","WBGene00005946"
"CHS 1146","WBGene00005950"
"CHS 1146","WBGene00005955"
"CHS 1147","WBGene00005896"
"CHS 1147","WBGene00005897"
"CHS 1147","WBGene00005898"
"CHS 1147","WBGene00005899"
"CHS 1147","WBGene00005900"
"CHS 1147","WBGene00005901"
"CHS 1148","WBGene00007595"
"CHS 1148","WBGene00009558"
"CHS 1148","WBGene00011441"
"CHS 1148","WBGene00021362"
"CHS 1149","WBGene00005227"
"CHS 1149","WBGene00005228"
"CHS 1149","WBGene00005229"
"CHS 1149","WBGene00005230"
"CHS 1149","WBGene00005231"
"CHS 1149","WBGene00005233"
"CHS 1149","WBGene00005234"
"CHS 1150","WBGene00005342"
"CHS 1150","WBGene00005475"
"CHS 1150","WBGene00005476"
"CHS 1150","WBGene00005477"
"CHS 1150","WBGene00005478"
"CHS 1150","WBGene00005479"
"CHS 1151","WBGene00005479"
"CHS 1151","WBGene00005480"
"CHS 1151","WBGene00005481"
"CHS 1151","WBGene00005482"
"CHS 1151","WBGene00005484"
"CHS 1151","WBGene00005486"
"CHS 1151","WBGene00005487"
"CHS 1152","WBGene00010022"
"CHS 1152","WBGene00010023"
"CHS 1152","WBGene00017935"
"CHS 1152","WBGene00020749"
"CHS 1152","WBGene00020752"
"CHS 1152","WBGene00044092"
"CHS 1153","WBGene00008247"
"CHS 1153","WBGene00008248"
"CHS 1153","WBGene00008249"
"CHS 1153","WBGene00008250"
"CHS 1153","WBGene00008251"
"CHS 1153","WBGene00011084"
"CHS 1153","WBGene00013375"
"CHS 1153","WBGene00015401"
"CHS 1153","WBGene00018180"
"CHS 1154","WBGene00006007"
"CHS 1154","WBGene00006008"
"CHS 1154","WBGene00006009"
"CHS 1154","WBGene00006010"
"CHS 1154","WBGene00006011"
"CHS 1154","WBGene00006012"
"CHS 1154","WBGene00006013"
"CHS 1155","WBGene00006098"
"CHS 1155","WBGene00006102"
"CHS 1155","WBGene00006103"
"CHS 1155","WBGene00006104"
"CHS 1155","WBGene00006105"
"CHS 1155","WBGene00006106"
"CHS 1156","WBGene00005831"
"CHS 1156","WBGene00005832"
"CHS 1156","WBGene00005833"
"CHS 1156","WBGene00005834"
"CHS 1156","WBGene00005835"
"CHS 1156","WBGene00045413"
"CHS 1157","WBGene00003807"
"CHS 1157","WBGene00003808"
"CHS 1157","WBGene00007006"
"CHS 1157","WBGene00007635"
"CHS 1157","WBGene00008278"
"CHS 1157","WBGene00021983"
"CHS 1158","WBGene00005812"
"CHS 1158","WBGene00005813"
"CHS 1158","WBGene00005814"
"CHS 1158","WBGene00005815"
"CHS 1158","WBGene00005816"
"CHS 1158","WBGene00005818"
"CHS 1158","WBGene00005820"
"CHS 1159","WBGene00005352"
"CHS 1159","WBGene00005353"
"CHS 1159","WBGene00005354"
"CHS 1159","WBGene00005355"
"CHS 1159","WBGene00005356"
"CHS 1159","WBGene00005357"
"CHS 1159","WBGene00005358"
"CHS 1159","WBGene00005359"
"CHS 1159","WBGene00005361"
"CHS 1160","WBGene00008300"
"CHS 1160","WBGene00008481"
"CHS 1160","WBGene00009333"
"CHS 1160","WBGene00011709"
"CHS 1160","WBGene00021357"
"CHS 1160","WBGene00021524"
"CHS 1161","WBGene00011341"
"CHS 1161","WBGene00012397"
"CHS 1161","WBGene00015409"
"CHS 1161","WBGene00019625"
"CHS 1161","WBGene00206366"
"CHS 1162","WBGene00005722"
"CHS 1162","WBGene00005723"
"CHS 1162","WBGene00005724"
"CHS 1162","WBGene00005725"
"CHS 1162","WBGene00005726"
"CHS 1162","WBGene00005727"
"CHS 1163","WBGene00005345"
"CHS 1163","WBGene00005346"
"CHS 1163","WBGene00005347"
"CHS 1163","WBGene00005348"
"CHS 1163","WBGene00005349"
"CHS 1163","WBGene00005350"
"CHS 1163","WBGene00005351"
"CHS 1164","WBGene00005964"
"CHS 1164","WBGene00005965"
"CHS 1164","WBGene00005967"
"CHS 1164","WBGene00005968"
"CHS 1164","WBGene00005969"
"CHS 1164","WBGene00005971"
"CHS 1164","WBGene00005973"
"CHS 1165","WBGene00018312"
"CHS 1165","WBGene00018313"
"CHS 1165","WBGene00020056"
"CHS 1165","WBGene00020057"
"CHS 1165","WBGene00044179"
"CHS 1165","WBGene00044778"
"CHS 1166","WBGene00006138"
"CHS 1166","WBGene00006139"
"CHS 1166","WBGene00006140"
"CHS 1166","WBGene00006141"
"CHS 1166","WBGene00006142"
"CHS 1167","WBGene00019262"
"CHS 1167","WBGene00020523"
"CHS 1167","WBGene00020524"
"CHS 1167","WBGene00020525"
"CHS 1167","WBGene00022604"
"CHS 1167","WBGene00022605"
"CHS 1167","WBGene00022606"
"CHS 1167","WBGene00194821"
"CHS 1168","WBGene00005463"
"CHS 1168","WBGene00005464"
"CHS 1168","WBGene00005470"
"CHS 1168","WBGene00005471"
"CHS 1168","WBGene00005472"
"CHS 1168","WBGene00005474"
"CHS 1169","WBGene00005088"
"CHS 1169","WBGene00005089"
"CHS 1169","WBGene00005090"
"CHS 1169","WBGene00005091"
"CHS 1169","WBGene00005093"
"CHS 1169","WBGene00005094"
"CHS 1170","WBGene00007678"
"CHS 1170","WBGene00009569"
"CHS 1170","WBGene00012406"
"CHS 1170","WBGene00021970"
"CHS 1170","WBGene00023479"
"CHS 1170","WBGene00023499"
"CHS 1171","WBGene00005975"
"CHS 1171","WBGene00005976"
"CHS 1171","WBGene00005977"
"CHS 1171","WBGene00005978"
"CHS 1171","WBGene00005979"
"CHS 1171","WBGene00005981"
"CHS 1171","WBGene00005983"
"CHS 1171","WBGene00005984"
"CHS 1172","WBGene00006081"
"CHS 1172","WBGene00006082"
"CHS 1172","WBGene00006083"
"CHS 1172","WBGene00006084"
"CHS 1172","WBGene00006085"
"CHS 1172","WBGene00006086"
"CHS 1172","WBGene00006087"
"CHS 1172","WBGene00006090"
"CHS 1172","WBGene00006092"
"CHS 1172","WBGene00009046"
"CHS 1173","WBGene00003856"
"CHS 1174","WBGene00044602"
"CHS 1174","WBGene00077588"
"CHS 1175","WBGene00005203"
"CHS 1175","WBGene00005204"
"CHS 1175","WBGene00005205"
"CHS 1175","WBGene00005207"
"CHS 1175","WBGene00005208"
"CHS 1175","WBGene00005210"
"CHS 1175","WBGene00014998"
"CHS 1175","WBGene00043061"
"CHS 1175","WBGene00235350"
"CHS 1176","WBGene00006211"
"CHS 1176","WBGene00006214"
"CHS 1176","WBGene00006215"
"CHS 1176","WBGene00006216"
"CHS 1176","WBGene00006217"
"CHS 1176","WBGene00006218"
"CHS 1176","WBGene00006219"
"CHS 1176","WBGene00021177"
"CHS 1177","WBGene00005448"
"CHS 1177","WBGene00005449"
"CHS 1177","WBGene00005450"
"CHS 1177","WBGene00005451"
"CHS 1177","WBGene00005452"
"CHS 1178","WBGene00000085"
"CHS 1178","WBGene00016089"
"CHS 1178","WBGene00016090"
"CHS 1178","WBGene00016748"
"CHS 1179","WBGene00007528"
"CHS 1179","WBGene00013389"
"CHS 1179","WBGene00013551"
"CHS 1179","WBGene00044031"
"CHS 1180","WBGene00005770"
"CHS 1180","WBGene00005771"
"CHS 1180","WBGene00005773"
"CHS 1180","WBGene00005776"
"CHS 1180","WBGene00005777"
"CHS 1180","WBGene00005778"
"CHS 1180","WBGene00005779"
"CHS 1181","WBGene00005059"
"CHS 1181","WBGene00005060"
"CHS 1181","WBGene00005061"
"CHS 1181","WBGene00005062"
"CHS 1181","WBGene00005063"
"CHS 1181","WBGene00005064"
"CHS 1181","WBGene00005065"
"CHS 1181","WBGene00077679"
"CHS 1182","WBGene00006070"
"CHS 1182","WBGene00006071"
"CHS 1182","WBGene00006232"
"CHS 1182","WBGene00006233"
"CHS 1182","WBGene00006234"
"CHS 1182","WBGene00006235"
"CHS 1182","WBGene00006236"
"CHS 1182","WBGene00006237"
"CHS 1182","WBGene00006238"
"CHS 1183","WBGene00006222"
"CHS 1183","WBGene00006228"
"CHS 1183","WBGene00006229"
"CHS 1183","WBGene00006230"
"CHS 1183","WBGene00006231"
"CHS 1183","WBGene00013812"
"CHS 1184","WBGene00013938"
"CHS 1184","WBGene00022522"
"CHS 1184","WBGene00045101"
"CHS 1184","WBGene00077531"
"CHS 1184","WBGene00206392"
"CHS 1184","WBGene00269432"
"CHS 1185","WBGene00009889"
"CHS 1185","WBGene00019012"
"CHS 1185","WBGene00022584"
"CHS 1186","WBGene00005140"
"CHS 1186","WBGene00005141"
"CHS 1186","WBGene00005142"
"CHS 1186","WBGene00005143"
"CHS 1186","WBGene00005144"
"CHS 1186","WBGene00005145"
"CHS 1186","WBGene00005146"
"CHS 1186","WBGene00005147"
"CHS 1186","WBGene00007701"
"CHS 1187","WBGene00005907"
"CHS 1187","WBGene00005908"
"CHS 1187","WBGene00005909"
"CHS 1187","WBGene00005911"
"CHS 1187","WBGene00005912"
"CHS 1187","WBGene00005913"
"CHS 1187","WBGene00005914"
"CHS 1188","WBGene00005748"
"CHS 1188","WBGene00005749"
"CHS 1188","WBGene00005750"
"CHS 1188","WBGene00005751"
"CHS 1188","WBGene00005753"
"CHS 1188","WBGene00005754"
"CHS 1188","WBGene00005755"
"CHS 1189","WBGene00006186"
"CHS 1189","WBGene00006187"
"CHS 1189","WBGene00006188"
"CHS 1189","WBGene00006190"
"CHS 1189","WBGene00006191"
"CHS 1190","WBGene00005079"
"CHS 1190","WBGene00005080"
"CHS 1190","WBGene00005081"
"CHS 1190","WBGene00005082"
"CHS 1190","WBGene00005083"
"CHS 1190","WBGene00005085"
"CHS 1190","WBGene00005086"
"CHS 1190","WBGene00005087"
"CHS 1191","WBGene00005874"
"CHS 1191","WBGene00005876"
"CHS 1191","WBGene00005880"
"CHS 1191","WBGene00005881"
"CHS 1191","WBGene00005883"
"CHS 1191","WBGene00005891"
"CHS 1191","WBGene00011197"
"CHS 1192","WBGene00005168"
"CHS 1192","WBGene00005170"
"CHS 1192","WBGene00005177"
"CHS 1192","WBGene00005178"
"CHS 1192","WBGene00005179"
"CHS 1192","WBGene00005180"
"CHS 1192","WBGene00005181"
"CHS 1193","WBGene00005552"
"CHS 1193","WBGene00005554"
"CHS 1193","WBGene00005555"
"CHS 1193","WBGene00005557"
"CHS 1193","WBGene00005558"
"CHS 1193","WBGene00005559"
"CHS 1193","WBGene00005560"
"CHS 1194","WBGene00007146"
"CHS 1194","WBGene00007483"
"CHS 1194","WBGene00015081"
"CHS 1194","WBGene00017433"
"CHS 1194","WBGene00018089"
"CHS 1194","WBGene00022811"
"CHS 1195","WBGene00014914"
"CHS 1196","WBGene00005101"
"CHS 1196","WBGene00005103"
"CHS 1196","WBGene00005104"
"CHS 1196","WBGene00005105"
"CHS 1196","WBGene00005106"
"CHS 1196","WBGene00005107"
"CHS 1196","WBGene00005108"
"CHS 1196","WBGene00005109"
"CHS 1197","WBGene00010979"
"CHS 1197","WBGene00013398"
"CHS 1197","WBGene00016248"
"CHS 1197","WBGene00017278"
"CHS 1197","WBGene00021490"
"CHS 1198","WBGene00005712"
"CHS 1198","WBGene00005713"
"CHS 1198","WBGene00005714"
"CHS 1198","WBGene00005715"
"CHS 1198","WBGene00005728"
"CHS 1198","WBGene00005730"
"CHS 1198","WBGene00005732"
"CHS 1198","WBGene00005733"
"CHS 1198","WBGene00005745"
"CHS 1199","WBGene00005877"
"CHS 1199","WBGene00005886"
"CHS 1199","WBGene00005887"
"CHS 1199","WBGene00005888"
"CHS 1199","WBGene00005889"
"CHS 1199","WBGene00005890"
"CHS 1200","WBGene00005131"
"CHS 1200","WBGene00005132"
"CHS 1200","WBGene00005133"
"CHS 1200","WBGene00005134"
"CHS 1200","WBGene00005135"
"CHS 1200","WBGene00005136"
"CHS 1201","WBGene00006103"
"CHS 1201","WBGene00006108"
"CHS 1201","WBGene00006109"
"CHS 1201","WBGene00006110"
"CHS 1201","WBGene00006111"
"CHS 1201","WBGene00006112"
"CHS 1201","WBGene00006113"
"CHS 1202","WBGene00011570"
"CHS 1202","WBGene00012287"
"CHS 1202","WBGene00012288"
"CHS 1202","WBGene00013281"
"CHS 1202","WBGene00013282"
"CHS 1202","WBGene00016832"
"CHS 1203","WBGene00012088"
"CHS 1203","WBGene00012089"
"CHS 1203","WBGene00012090"
"CHS 1203","WBGene00012093"
"CHS 1204","WBGene00011397"
"CHS 1204","WBGene00012575"
"CHS 1204","WBGene00044241"
"CHS 1204","WBGene00045356"
"CHS 1204","WBGene00045380"
"CHS 1204","WBGene00077464"
"CHS 1205","WBGene00005803"
"CHS 1205","WBGene00005804"
"CHS 1205","WBGene00005806"
"CHS 1205","WBGene00005807"
"CHS 1205","WBGene00005808"
"CHS 1205","WBGene00005809"
"CHS 1205","WBGene00005810"
"CHS 1206","WBGene00014191"
"CHS 1206","WBGene00015862"
"CHS 1206","WBGene00015998"
"CHS 1206","WBGene00016856"
"CHS 1206","WBGene00016857"
"CHS 1206","WBGene00018552"
"CHS 1206","WBGene00018558"
"CHS 1206","WBGene00018617"
"CHS 1206","WBGene00019850"
"CHS 1206","WBGene00021947"
"CHS 1206","WBGene00021951"
"CHS 1206","WBGene00044460"
"CHS 1207","WBGene00007395"
"CHS 1207","WBGene00010329"
"CHS 1207","WBGene00014300"
"CHS 1207","WBGene00017779"
"CHS 1208","WBGene00005780"
"CHS 1208","WBGene00005781"
"CHS 1208","WBGene00005782"
"CHS 1208","WBGene00005783"
"CHS 1208","WBGene00005785"
"CHS 1208","WBGene00005786"
"CHS 1209","WBGene00008286"
"CHS 1209","WBGene00009194"
"CHS 1209","WBGene00011693"
"CHS 1209","WBGene00019891"
"CHS 1209","WBGene00044027"
"CHS 1209","WBGene00044045"
"CHS 1209","WBGene00044048"
"CHS 1210","WBGene00008982"
"CHS 1210","WBGene00009566"
"CHS 1210","WBGene00022404"
"CHS 1210","WBGene00022405"
"CHS 1210","WBGene00022406"
"CHS 1210","WBGene00022408"
"CHS 1211","WBGene00005123"
"CHS 1211","WBGene00005124"
"CHS 1211","WBGene00005125"
"CHS 1211","WBGene00005126"
"CHS 1211","WBGene00005128"
"CHS 1211","WBGene00005129"
"CHS 1212","WBGene00007614"
"CHS 1212","WBGene00008736"
"CHS 1212","WBGene00008737"
"CHS 1212","WBGene00013871"
"CHS 1212","WBGene00016570"
"CHS 1212","WBGene00018798"
"CHS 1212","WBGene00019224"
"CHS 1213","WBGene00006143"
"CHS 1213","WBGene00006144"
"CHS 1213","WBGene00006145"
"CHS 1213","WBGene00006146"
"CHS 1213","WBGene00006147"
"CHS 1213","WBGene00006148"
"CHS 1213","WBGene00006149"
"CHS 1213","WBGene00006150"
"CHS 1213","WBGene00006151"
"CHS 1213","WBGene00006152"
"CHS 1213","WBGene00007370"
"CHS 1214","WBGene00009596"
"CHS 1214","WBGene00010511"
"CHS 1214","WBGene00015712"
"CHS 1214","WBGene00015898"
"CHS 1214","WBGene00017330"
"CHS 1214","WBGene00020333"
"CHS 1215","WBGene00008126"
"CHS 1215","WBGene00009462"
"CHS 1215","WBGene00013907"
"CHS 1215","WBGene00013957"
"CHS 1215","WBGene00016833"
"CHS 1215","WBGene00018139"
"CHS 1216","WBGene00019981"
"CHS 1216","WBGene00019982"
"CHS 1216","WBGene00020746"
"CHS 1216","WBGene00021477"
"CHS 1216","WBGene00044091"
"CHS 1217","WBGene00005679"
"CHS 1217","WBGene00005680"
"CHS 1217","WBGene00005681"
"CHS 1217","WBGene00005682"
"CHS 1217","WBGene00005683"
"CHS 1217","WBGene00005705"
"CHS 1218","WBGene00005684"
"CHS 1218","WBGene00005685"
"CHS 1218","WBGene00005686"
"CHS 1218","WBGene00005687"
"CHS 1218","WBGene00005688"
"CHS 1218","WBGene00005689"
"CHS 1218","WBGene00005690"
"CHS 1218","WBGene00005691"
"CHS 1219","WBGene00005787"
"CHS 1219","WBGene00005788"
"CHS 1219","WBGene00005789"
"CHS 1219","WBGene00005790"
"CHS 1219","WBGene00005791"
"CHS 1219","WBGene00005795"
"CHS 1220","WBGene00005638"
"CHS 1220","WBGene00005639"
"CHS 1220","WBGene00005640"
"CHS 1220","WBGene00009808"
"CHS 1220","WBGene00009810"
"CHS 1220","WBGene00010273"
"CHS 1220","WBGene00044112"
"CHS 1221","WBGene00006273"
"CHS 1221","WBGene00006274"
"CHS 1221","WBGene00006275"
"CHS 1221","WBGene00006276"
"CHS 1221","WBGene00006278"
"CHS 1221","WBGene00006289"
"CHS 1222","WBGene00011693"
"CHS 1222","WBGene00011695"
"CHS 1222","WBGene00013335"
"CHS 1222","WBGene00014924"
"CHS 1222","WBGene00044027"
"CHS 1223","WBGene00010448"
"CHS 1223","WBGene00016037"
"CHS 1223","WBGene00018179"
"CHS 1223","WBGene00044004"
"CHS 1223","WBGene00077493"
"CHS 1224","WBGene00007865"
"CHS 1224","WBGene00010588"
"CHS 1224","WBGene00010590"
"CHS 1224","WBGene00010688"
"CHS 1224","WBGene00014195"
"CHS 1224","WBGene00023506"
"CHS 1225","WBGene00005836"
"CHS 1225","WBGene00005837"
"CHS 1225","WBGene00005838"
"CHS 1225","WBGene00005841"
"CHS 1225","WBGene00005842"
"CHS 1225","WBGene00005844"
"CHS 1225","WBGene00005845"
"CHS 1226","WBGene00007432"
"CHS 1226","WBGene00009707"
"CHS 1226","WBGene00012846"
"CHS 1226","WBGene00012847"
"CHS 1226","WBGene00044115"
"CHS 1226","WBGene00044116"
"CHS 1227","WBGene00010020"
"CHS 1227","WBGene00010021"
"CHS 1227","WBGene00013908"
"CHS 1227","WBGene00013909"
"CHS 1227","WBGene00013910"
"CHS 1227","WBGene00017511"
"CHS 1227","WBGene00019242"
"CHS 1228","WBGene00005986"
"CHS 1228","WBGene00005987"
"CHS 1228","WBGene00005988"
"CHS 1228","WBGene00005989"
"CHS 1229","WBGene00005664"
"CHS 1229","WBGene00005665"
"CHS 1229","WBGene00005666"
"CHS 1229","WBGene00005667"
"CHS 1229","WBGene00005669"
"CHS 1229","WBGene00005671"
"CHS 1230","WBGene00005071"
"CHS 1230","WBGene00005072"
"CHS 1230","WBGene00005073"
"CHS 1230","WBGene00005076"
"CHS 1230","WBGene00008489"
"CHS 1230","WBGene00016743"
"CHS 1230","WBGene00016925"
"CHS 1230","WBGene00016928"
"CHS 1230","WBGene00019025"
"CHS 1231","WBGene00006239"
"CHS 1231","WBGene00006240"
"CHS 1231","WBGene00006241"
"CHS 1231","WBGene00006242"
"CHS 1231","WBGene00006244"
"CHS 1231","WBGene00006247"
"CHS 1232","WBGene00006005"
"CHS 1232","WBGene00006006"
"CHS 1232","WBGene00006016"
"CHS 1232","WBGene00006019"
"CHS 1232","WBGene00006020"
"CHS 1232","WBGene00006022"
"CHS 1232","WBGene00006027"
"CHS 1233","WBGene00006260"
"CHS 1233","WBGene00006261"
"CHS 1233","WBGene00006262"
"CHS 1233","WBGene00006263"
"CHS 1233","WBGene00006264"
"CHS 1233","WBGene00006265"
"CHS 1233","WBGene00007360"
"CHS 1234","WBGene00005028"
"CHS 1234","WBGene00005029"
"CHS 1234","WBGene00005030"
"CHS 1234","WBGene00005032"
"CHS 1234","WBGene00005033"
"CHS 1234","WBGene00005034"
"CHS 1234","WBGene00005035"
"CHS 1235","WBGene00005735"
"CHS 1235","WBGene00005736"
"CHS 1235","WBGene00005737"
"CHS 1235","WBGene00005738"
"CHS 1235","WBGene00005739"
"CHS 1235","WBGene00005740"
"CHS 1235","WBGene00005741"
"CHS 1235","WBGene00005742"
"CHS 1235","WBGene00005743"
"CHS 1235","WBGene00005744"
"CHS 1236","WBGene00005578"
"CHS 1236","WBGene00005579"
"CHS 1236","WBGene00005581"
"CHS 1236","WBGene00005582"
"CHS 1236","WBGene00005583"
"CHS 1236","WBGene00005584"
"CHS 1236","WBGene00005585"
"CHS 1236","WBGene00005586"
"CHS 1236","WBGene00005589"
"CHS 1236","WBGene00219383"
"CHS 1237","WBGene00005518"
"CHS 1237","WBGene00005519"
"CHS 1237","WBGene00005521"
"CHS 1237","WBGene00005522"
"CHS 1237","WBGene00005523"
"CHS 1237","WBGene00005524"
"CHS 1237","WBGene00005525"
"CHS 1237","WBGene00005526"
"CHS 1237","WBGene00005527"
"CHS 1237","WBGene00005528"
"CHS 1237","WBGene00005529"
"CHS 1238","WBGene00008550"
"CHS 1238","WBGene00011211"
"CHS 1238","WBGene00012349"
"CHS 1238","WBGene00019099"
"CHS 1238","WBGene00022735"
"CHS 1238","WBGene00022736"
"CHS 1238","WBGene00077514"
"CHS 1239","WBGene00008815"
"CHS 1239","WBGene00008818"
"CHS 1239","WBGene00009912"
"CHS 1239","WBGene00012026"
"CHS 1239","WBGene00012028"
"CHS 1239","WBGene00013468"
"CHS 1239","WBGene00013629"
"CHS 1239","WBGene00023505"
"CHS 1239","WBGene00023515"
"CHS 1240","WBGene00009729"
"CHS 1240","WBGene00014248"
"CHS 1240","WBGene00017566"
"CHS 1240","WBGene00019098"
"CHS 1240","WBGene00019099"
"CHS 1240","WBGene00020150"
"CHS 1240","WBGene00021310"
"CHS 1240","WBGene00202511"
"CHS 1241","WBGene00005118"
"CHS 1241","WBGene00005119"
"CHS 1241","WBGene00005120"
"CHS 1241","WBGene00005121"
"CHS 1241","WBGene00005122"
"CHS 1241","WBGene00005127"
"CHS 1242","WBGene00005947"
"CHS 1242","WBGene00005949"
"CHS 1242","WBGene00005951"
"CHS 1242","WBGene00005953"
"CHS 1242","WBGene00005954"
"CHS 1242","WBGene00005956"
"CHS 1242","WBGene00005957"
"CHS 1242","WBGene00005958"
"CHS 1242","WBGene00005959"
"CHS 1243","WBGene00005400"
"CHS 1243","WBGene00005401"
"CHS 1243","WBGene00005402"
"CHS 1243","WBGene00005404"
"CHS 1243","WBGene00005405"
"CHS 1243","WBGene00005406"
"CHS 1243","WBGene00005407"
"CHS 1243","WBGene00005408"
"CHS 1243","WBGene00005410"
"CHS 1243","WBGene00005411"
"CHS 1243","WBGene00005412"
"CHS 1243","WBGene00005414"
"CHS 1243","WBGene00005415"
"CHS 1243","WBGene00005416"
"CHS 1243","WBGene00005417"
"CHS 1243","WBGene00005418"
"CHS 1243","WBGene00005419"
"CHS 1244","WBGene00005439"
"CHS 1244","WBGene00005440"
"CHS 1244","WBGene00005441"
"CHS 1244","WBGene00005442"
"CHS 1244","WBGene00005443"
"CHS 1244","WBGene00005444"
"CHS 1244","WBGene00005446"
"CHS 1244","WBGene00005447"
"CHS 1245","WBGene00006021"
"CHS 1245","WBGene00006024"
"CHS 1245","WBGene00006025"
"CHS 1245","WBGene00006026"
"CHS 1245","WBGene00006028"
"CHS 1246","WBGene00007123"
"CHS 1246","WBGene00007127"
"CHS 1246","WBGene00007831"
"CHS 1246","WBGene00007832"
"CHS 1246","WBGene00010797"
"CHS 1246","WBGene00010798"
"CHS 1246","WBGene00011506"
"CHS 1246","WBGene00021571"
"CHS 1246","WBGene00044106"
"CHS 1246","WBGene00044735"
"CHS 1247","WBGene00005236"
"CHS 1247","WBGene00005237"
"CHS 1247","WBGene00005240"
"CHS 1247","WBGene00005241"
"CHS 1247","WBGene00005242"
"CHS 1247","WBGene00005243"
"CHS 1247","WBGene00005244"
"CHS 1247","WBGene00005245"
"CHS 1247","WBGene00005246"
"CHS 1247","WBGene00005247"
"CHS 1247","WBGene00005248"
"CHS 1248","WBGene00006280"
"CHS 1248","WBGene00006281"
"CHS 1248","WBGene00006282"
"CHS 1248","WBGene00006283"
"CHS 1248","WBGene00006284"
"CHS 1248","WBGene00006286"
"CHS 1248","WBGene00006287"
"CHS 1248","WBGene00006288"
"CHS 1248","WBGene00021216"
"CHS 1248","WBGene00021217"
"CHS 1249","WBGene00005544"
"CHS 1249","WBGene00005545"
"CHS 1249","WBGene00005546"
"CHS 1249","WBGene00005548"
"CHS 1249","WBGene00005549"
"CHS 1249","WBGene00005550"
"CHS 1249","WBGene00005551"
"CHS 1249","WBGene00005552"
"CHS 1250","WBGene00008814"
"CHS 1250","WBGene00011876"
"CHS 1250","WBGene00015175"
"CHS 1250","WBGene00021722"
"CHS 1250","WBGene00022481"
"CHS 1250","WBGene00022483"
"CHS 1250","WBGene00023411"
"CHS 1251","WBGene00009567"
"CHS 1251","WBGene00009568"
"CHS 1251","WBGene00016689"
"CHS 1251","WBGene00016690"
"CHS 1251","WBGene00016691"
"CHS 1251","WBGene00016692"
"CHS 1251","WBGene00021166"
"CHS 1251","WBGene00044100"
"CHS 1252","WBGene00012283"
"CHS 1252","WBGene00013285"
"CHS 1252","WBGene00013286"
"CHS 1252","WBGene00013287"
"CHS 1252","WBGene00013288"
"CHS 1252","WBGene00018190"
"CHS 1252","WBGene00020424"
"CHS 1252","WBGene00077562"
"CHS 1253","WBGene00005846"
"CHS 1253","WBGene00005847"
"CHS 1253","WBGene00005848"
"CHS 1253","WBGene00005849"
"CHS 1253","WBGene00005850"
"CHS 1253","WBGene00005854"
"CHS 1253","WBGene00005856"
"CHS 1254","WBGene00006170"
"CHS 1254","WBGene00006171"
"CHS 1254","WBGene00006172"
"CHS 1254","WBGene00006173"
"CHS 1254","WBGene00021569"
"CHS 1254","WBGene00021573"
"CHS 1255","WBGene00006249"
"CHS 1255","WBGene00006251"
"CHS 1255","WBGene00006252"
"CHS 1255","WBGene00006253"
"CHS 1255","WBGene00006255"
"CHS 1255","WBGene00006256"
"CHS 1255","WBGene00006257"
"CHS 1255","WBGene00006258"
"CHS 1255","WBGene00006259"
"CHS 1255","WBGene00008321"
"CHS 1256","WBGene00001052"
"CHS 1256","WBGene00001053"
"CHS 1256","WBGene00011382"
"CHS 1256","WBGene00016037"
"CHS 1256","WBGene00016872"
"CHS 1256","WBGene00020506"
"CHS 1256","WBGene00021897"
"CHS 1256","WBGene00044004"
"CHS 1257","WBGene00005182"
"CHS 1257","WBGene00005183"
"CHS 1257","WBGene00005184"
"CHS 1257","WBGene00005185"
"CHS 1257","WBGene00005186"
"CHS 1257","WBGene00005187"
"CHS 1258","WBGene00006093"
"CHS 1258","WBGene00006094"
"CHS 1258","WBGene00006096"
"CHS 1258","WBGene00006097"
"CHS 1258","WBGene00006099"
"CHS 1258","WBGene00006101"
"CHS 1259","WBGene00005490"
"CHS 1259","WBGene00005491"
"CHS 1259","WBGene00005492"
"CHS 1259","WBGene00005493"
"CHS 1259","WBGene00005494"
"CHS 1259","WBGene00005495"
"CHS 1259","WBGene00005496"
"CHS 1259","WBGene00005497"
"CHS 1259","WBGene00005499"
"CHS 1259","WBGene00005500"
"CHS 1259","WBGene00005501"
"CHS 1259","WBGene00005502"
"CHS 1259","WBGene00005503"
"CHS 1259","WBGene00005504"
"CHS 1259","WBGene00005505"
"CHS 1259","WBGene00005507"
"CHS 1259","WBGene00005508"
"CHS 1260","WBGene00005756"
"CHS 1260","WBGene00005757"
"CHS 1260","WBGene00005758"
"CHS 1260","WBGene00005759"
"CHS 1260","WBGene00005760"
"CHS 1260","WBGene00005761"
"CHS 1260","WBGene00005762"
"CHS 1261","WBGene00010979"
"CHS 1261","WBGene00011922"
"CHS 1261","WBGene00015799"
"CHS 1261","WBGene00019287"
"CHS 1261","WBGene00020008"
"CHS 1261","WBGene00194726"
"CHS 1262","WBGene00008937"
"CHS 1262","WBGene00010929"
"CHS 1262","WBGene00010950"
"CHS 1262","WBGene00012770"
"CHS 1262","WBGene00012772"
"CHS 1262","WBGene00012773"
"CHS 1262","WBGene00012775"
"CHS 1262","WBGene00014924"
"CHS 1262","WBGene00014926"
"CHS 1262","WBGene00021413"
"CHS 1262","WBGene00021599"
"CHS 1262","WBGene00022409"
"CHS 1263","WBGene00013760"
"CHS 1263","WBGene00015315"
"CHS 1263","WBGene00015316"
"CHS 1263","WBGene00015317"
"CHS 1263","WBGene00015318"
"CHS 1263","WBGene00021706"
"CHS 1263","WBGene00021707"
"CHS 1263","WBGene00021708"
"CHS 1263","WBGene00044089"
"CHS 1263","WBGene00044090"
"CHS 1264","WBGene00005551"
"CHS 1264","WBGene00005562"
"CHS 1264","WBGene00005563"
"CHS 1264","WBGene00005565"
"CHS 1264","WBGene00044551"
"CHS 1264","WBGene00045303"
"CHS 1264","WBGene00045304"
"CHS 1265","WBGene00006069"
"CHS 1265","WBGene00006071"
"CHS 1265","WBGene00006072"
"CHS 1265","WBGene00006073"
"CHS 1265","WBGene00006074"
"CHS 1265","WBGene00006075"
"CHS 1265","WBGene00006076"
"CHS 1265","WBGene00006077"
"CHS 1265","WBGene00011943"
"CHS 1265","WBGene00015417"
"CHS 1266","WBGene00013490"
"CHS 1266","WBGene00016279"
"CHS 1266","WBGene00044780"
"CHS 1266","WBGene00044897"
"CHS 1266","WBGene00045380"
"CHS 1266","WBGene00077464"
"CHS 1266","WBGene00189957"
"CHS 1266","WBGene00194799"
"CHS 1266","WBGene00194896"
"CHS 1266","WBGene00206511"
"CHS 1267","WBGene00008021"
"CHS 1267","WBGene00008079"
"CHS 1267","WBGene00015398"
"CHS 1267","WBGene00016223"
"CHS 1267","WBGene00022527"
"CHS 1268","WBGene00005315"
"CHS 1268","WBGene00005316"
"CHS 1268","WBGene00005318"
"CHS 1268","WBGene00005319"
"CHS 1268","WBGene00005321"
"CHS 1268","WBGene00005323"
"CHS 1268","WBGene00005328"
"CHS 1268","WBGene00005330"
"CHS 1268","WBGene00005331"
"CHS 1268","WBGene00005332"
"CHS 1268","WBGene00005334"
"CHS 1268","WBGene00005335"
"CHS 1268","WBGene00005337"
"CHS 1268","WBGene00005338"
"CHS 1268","WBGene00005339"
"CHS 1268","WBGene00005340"
"CHS 1268","WBGene00005341"
"CHS 1268","WBGene00005512"
"CHS 1269","WBGene00005066"
"CHS 1269","WBGene00005067"
"CHS 1269","WBGene00005068"
"CHS 1269","WBGene00005070"
"CHS 1269","WBGene00019027"
"CHS 1269","WBGene00019028"
"CHS 1270","WBGene00005566"
"CHS 1270","WBGene00005569"
"CHS 1270","WBGene00005572"
"CHS 1270","WBGene00005573"
"CHS 1270","WBGene00005574"
"CHS 1270","WBGene00005575"
"CHS 1270","WBGene00005577"
"CHS 1270","WBGene00005590"
"CHS 1270","WBGene00045304"
"CHS 1271","WBGene00005362"
"CHS 1271","WBGene00005363"
"CHS 1271","WBGene00005364"
"CHS 1271","WBGene00005365"
"CHS 1271","WBGene00005370"
"CHS 1271","WBGene00005375"
"CHS 1271","WBGene00005382"
"CHS 1271","WBGene00005383"
"CHS 1271","WBGene00005385"
"CHS 1271","WBGene00005386"
"CHS 1271","WBGene00005387"
"CHS 1271","WBGene00005388"
"CHS 1271","WBGene00005389"
"CHS 1271","WBGene00005390"
"CHS 1271","WBGene00005392"
"CHS 1271","WBGene00005393"
"CHS 1271","WBGene00005394"
"CHS 1271","WBGene00005395"
"CHS 1271","WBGene00005396"
"CHS 1271","WBGene00005397"
"CHS 1271","WBGene00005398"
"CHS 1271","WBGene00005399"
"CHS 1271","WBGene00010261"
"CHS 1272","WBGene00015438"
"CHS 1272","WBGene00015958"
"CHS 1272","WBGene00015959"
"CHS 1272","WBGene00015960"
"CHS 1272","WBGene00015961"
"CHS 1272","WBGene00015962"
"CHS 1272","WBGene00016472"
"CHS 1272","WBGene00018053"
"CHS 1272","WBGene00018058"
"CHS 1272","WBGene00020874"
"CHS 1273","WBGene00005295"
"CHS 1273","WBGene00005296"
"CHS 1273","WBGene00005297"
"CHS 1273","WBGene00005299"
"CHS 1273","WBGene00005300"
"CHS 1273","WBGene00005301"
"CHS 1273","WBGene00005303"
"CHS 1273","WBGene00005304"
"CHS 1273","WBGene00005306"
"CHS 1273","WBGene00005308"
"CHS 1273","WBGene00005309"
"CHS 1274","WBGene00005249"
"CHS 1274","WBGene00005250"
"CHS 1274","WBGene00005251"
"CHS 1274","WBGene00005253"
"CHS 1274","WBGene00005254"
"CHS 1274","WBGene00005255"
"CHS 1274","WBGene00005269"
"CHS 1274","WBGene00005270"
"CHS 1274","WBGene00011192"
"CHS 1275","WBGene00003232"
"CHS 1275","WBGene00003233"
"CHS 1275","WBGene00016242"
"CHS 1275","WBGene00018073"
"CHS 1275","WBGene00021152"
"CHS 1276","WBGene00006174"
"CHS 1276","WBGene00006175"
"CHS 1276","WBGene00006176"
"CHS 1276","WBGene00006178"
"CHS 1276","WBGene00006179"
"CHS 1276","WBGene00006180"
"CHS 1276","WBGene00006182"
"CHS 1276","WBGene00006183"
"CHS 1276","WBGene00006184"
"CHS 1276","WBGene00006192"
"CHS 1276","WBGene00011518"
"CHS 1277","WBGene00008268"
"CHS 1277","WBGene00009603"
"CHS 1277","WBGene00012242"
"CHS 1277","WBGene00016049"
"CHS 1277","WBGene00016050"
"CHS 1277","WBGene00016051"
"CHS 1277","WBGene00018114"
"CHS 1277","WBGene00018555"
"CHS 1277","WBGene00018556"
"CHS 1277","WBGene00018557"
"CHS 1277","WBGene00018559"
"CHS 1277","WBGene00018826"
"CHS 1277","WBGene00019740"
"CHS 1277","WBGene00019966"
"CHS 1277","WBGene00021169"
"CHS 1277","WBGene00044002"
"CHS 1278","WBGene00006117"
"CHS 1278","WBGene00006124"
"CHS 1278","WBGene00006125"
"CHS 1278","WBGene00006126"
"CHS 1278","WBGene00006127"
"CHS 1278","WBGene00006128"
"CHS 1278","WBGene00006129"
"CHS 1278","WBGene00006130"
"CHS 1278","WBGene00006131"
"CHS 1278","WBGene00006133"
"CHS 1278","WBGene00006134"
"CHS 1278","WBGene00006135"
"CHS 1278","WBGene00006136"
"CHS 1278","WBGene00006137"
"CHS 1278","WBGene00008058"
"CHS 1278","WBGene00013571"
"CHS 1278","WBGene00021228"
"CHS 1278","WBGene00268198"
